{
  "project_info": {
    "project_number": "9189923072",
    "project_id": "memrise-dc6ab",
    "storage_bucket": "memrise-dc6ab.appspot.com"
  },
  "client": [
    {
      "client_info": {
        "mobilesdk_app_id": "1:9189923072:android:a418c390c31136f105fbe5",
        "android_client_info": {
          "package_name": "com.example.t3project"
        }
      },
      "oauth_client": [],
      "api_key": [
        {
          "current_key": "AIzaSyC0nWsCq0lbT9fYLoabrOHCIfYlmjRyEjg"
        }
      ],
      "services": {
        "appinvite_service": {
          "other_platform_oauth_client": []
        }
      }
    }
  ],
  "configuration_version": "1"
}